n,kappa,z_transform
2.000000000000000000e+00,1.876145400114794248e-01,1.820916435879107453e+00
3.000000000000000000e+00,2.973620105082439014e-01,2.585531984280319939e+00
4.000000000000000000e+00,5.628436200344382190e-01,3.018839696497156222e+00
5.000000000000000000e+00,4.356274714620232413e-01,4.021376177271544172e+00
6.000000000000000000e+00,9.699531010394465413e-01,3.694269808277025557e+00
7.000000000000000000e+00,5.267006023508000734e-01,5.379308572973693359e+00
8.000000000000000000e+00,1.125687240068876438e+00,4.556696556573521129e+00
9.000000000000000000e+00,8.920860315247315375e-01,5.761406111948217834e+00
1.000000000000000000e+01,1.246484022947005554e+00,5.362032395729592338e+00
1.100000000000000000e+01,6.490396718318043323e-01,7.951618054957165782e+00
1.200000000000000000e+01,2.017773271593608087e+00,4.375496565222679379e+00
1.300000000000000000e+01,6.942562955592496143e-01,9.187291860858605830e+00
1.400000000000000000e+01,1.428630284724558885e+00,6.853381548992806493e+00
1.500000000000000000e+01,1.465978963940534285e+00,7.207057246795088190e+00
1.600000000000000000e+01,1.876145400114794359e+00,6.262102693121945229e+00
1.700000000000000000e+01,7.668674607751971850e-01,1.158579308740626068e+01
1.800000000000000000e+01,2.347015683083900850e+00,5.567042349180957750e+00
1.900000000000000000e+01,7.969729664368258026e-01,1.275537174165555321e+01
2.000000000000000000e+01,2.432569654454946217e+00,5.926580759715846192e+00
2.100000000000000000e+01,1.648125225718087838e+00,9.211565599092145007e+00
2.200000000000000000e+01,1.673308423686567403e+00,9.529461797478168350e+00
2.300000000000000000e+01,8.486859955990645465e-01,1.504658745231929906e+01
2.400000000000000000e+01,3.440822522170728703e+00,4.295820482743506474e+00
2.500000000000000000e+01,1.306882414386069557e+00,1.300630991362837818e+01
2.600000000000000000e+01,1.763741671141458189e+00,1.076419880846066057e+01
2.700000000000000000e+01,1.784172063049463075e+00,1.106460012893142775e+01
2.800000000000000000e+01,2.705789047121276436e+00,7.237747119359347003e+00
2.900000000000000000e+01,9.114278697853686051e-01,1.838586007667827715e+01
3.000000000000000000e+01,3.682416087926986048e+00,4.758770505422227792e+00
3.100000000000000000e+01,9.294792618998021227e-01,1.947725887612669027e+01
3.200000000000000000e+01,2.814218100172191317e+00,7.835203531699292512e+00
3.300000000000000000e+01,1.892803364680096134e+00,1.280845985941251186e+01
3.400000000000000000e+01,1.908964001573353331e+00,1.309039197162003099e+01
3.500000000000000000e+01,1.924656147625646518e+00,1.337008819633470935e+01
3.600000000000000000e+01,4.364788954677509381e+00,4.059762446215079201e+00
3.700000000000000000e+01,9.773691969037286986e-01,2.269701264289135878e+01
3.800000000000000000e+01,1.969175012896610566e+00,1.419654539941506144e+01
3.900000000000000000e+01,1.983236612134986920e+00,1.446805824788451034e+01
4.000000000000000000e+01,3.993884365985846063e+00,5.429989884870590089e+00
4.100000000000000000e+01,1.005154654934001357e+00,2.480374721751503841e+01
4.200000000000000000e+01,4.046708611482093154e+00,5.552872228510673303e+00
4.300000000000000000e+01,1.018046165933937264e+00,2.584654749188805312e+01
4.400000000000000000e+01,3.072806255564289213e+00,9.466758017004972103e+00
4.500000000000000000e+01,3.091054477435532633e+00,9.593974556483642502e+00
4.600000000000000000e+01,2.072601071221088276e+00,1.631917604591140858e+01
4.700000000000000000e+01,1.042121632360391681e+00,2.791283965151510671e+01
4.800000000000000000e+01,5.239100852770808281e+00,3.496108820738883516e+00
4.900000000000000000e+01,1.580101807052400220e+00,2.223726298492572084e+01
5.000000000000000000e+01,3.176608448806577556e+00,1.021358585928930474e+01
5.100000000000000000e+01,2.128458942566882062e+00,1.759467257183840161e+01
5.200000000000000000e+01,3.208456126746625614e+00,1.045432381680140921e+01
5.300000000000000000e+01,1.074641161305218917e+00,3.096852397135383939e+01
5.400000000000000000e+01,4.318802286144844516e+00,6.231287068344937730e+00
5.500000000000000000e+01,2.169334286587655036e+00,1.859078526200105230e+01
5.600000000000000000e+01,4.358176889540954058e+00,6.336098788213464950e+00
5.700000000000000000e+01,2.188669953890139741e+00,1.908144297706879300e+01
5.800000000000000000e+01,2.198084819593695727e+00,1.932501944629514057e+01
5.900000000000000000e+01,1.103669369757748653e+00,3.397764332349555616e+01
6.000000000000000000e+01,6.649311371959354844e+00,2.159094403712229049e+00
6.100000000000000000e+01,1.112692557515767122e+00,3.497129511485652387e+01
6.200000000000000000e+01,2.234187603822563428e+00,2.028822326821355659e+01
6.300000000000000000e+01,3.364273870101862851e+00,1.171649632809958241e+01
6.400000000000000000e+01,3.939905340241067755e+00,8.925661238236713757e+00
6.500000000000000000e+01,2.259767534042545378e+00,2.099960237193429435e+01
6.600000000000000000e+01,4.536064889406110190e+00,6.832033072679129404e+00
6.700000000000000000e+01,1.138086533136342560e+00,3.792647256487033047e+01
6.800000000000000000e+01,3.426289622394468548e+00,1.226025701484604724e+01
6.900000000000000000e+01,2.292096012214617229e+00,2.193445083940180851e+01
7.000000000000000000e+01,4.599770455297211846e+00,7.018924592848740929e+00
7.100000000000000000e+01,1.153781977012791504e+00,3.987656821210438096e+01
7.200000000000000000e+01,6.945405846305555464e+00,2.234378684404835003e+00
7.300000000000000000e+01,1.161301087366032991e+00,4.084600000696050159e+01
7.400000000000000000e+01,2.329967473830416580e+00,2.308265238249624929e+01
7.500000000000000000e+01,3.505850860296870763e+00,1.299497420877660048e+01
7.600000000000000000e+01,3.516606139379354179e+00,1.309761654595584091e+01
7.700000000000000000e+01,2.351480548365208811e+00,2.376146492463501758e+01
7.800000000000000000e+01,4.716931384315891762e+00,7.376085918194156044e+00
7.900000000000000000e+01,1.182680925402466832e+00,4.373319347102927424e+01
8.000000000000000000e+01,5.930428157539703982e+00,4.123954593976145944e+00
8.100000000000000000e+01,2.973620105082438680e+00,1.831351115908440264e+01
8.200000000000000000e+01,2.385538389890961675e+00,2.487715847933711899e+01
8.300000000000000000e+01,1.196050090467196680e+00,4.564141657663828511e+01
8.400000000000000000e+01,7.195750157292016169e+00,2.300074974925045534e+00
8.500000000000000000e+01,2.404989864474440964e+00,2.553771359933595164e+01
8.600000000000000000e+01,2.411321411890833488e+00,2.575648886980127017e+01
8.700000000000000000e+01,2.417579760587224680e+00,2.597457664668334232e+01
8.800000000000000000e+01,4.847533167464970205e+00,7.795683871596462033e+00
8.900000000000000000e+01,1.214941748887720108e+00,4.848068616785549523e+01
9.000000000000000000e+01,7.307796194939942147e+00,2.330100903493466991e+00
9.100000000000000000e+01,2.441913795820099153e+00,2.684024951930891945e+01
9.200000000000000000e+01,3.671745226866070411e+00,1.467163391031835573e+01
9.300000000000000000e+01,2.453682544816092381e+00,2.726920983286596112e+01
9.400000000000000000e+01,2.459472344743742322e+00,2.748275205490527284e+01
9.500000000000000000e+01,2.465200875797698199e+00,2.769568025894371388e+01
9.600000000000000000e+01,7.412608263393845931e+00,2.358543010065934364e+00
9.700000000000000000e+01,1.238239612002793866e+00,5.222655972601542373e+01
9.800000000000000000e+01,3.723047234139238881e+00,1.523269129794985410e+01
9.900000000000000000e+01,3.731291078544875628e+00,1.532482880599231834e+01
1.000000000000000000e+02,5.609178103261524662e+00,6.053164144136980340e+00
1.010000000000000000e+02,1.249177284635628382e+00,5.408364742900988631e+01
1.020000000000000000e+02,5.007376045179681157e+00,8.341848134602310338e+00
1.030000000000000000e+02,1.254484720693994193e+00,5.500843999327013734e+01
1.040000000000000000e+02,5.028399662374751777e+00,8.416474776435345362e+00
1.050000000000000000e+02,5.038760337284267976e+00,8.453496827575387229e+00
1.060000000000000000e+02,2.524511402633396351e+00,2.999958033693172155e+01
1.070000000000000000e+02,1.264797227656225598e+00,5.685079593042924273e+01
1.080000000000000000e+02,7.603890669286142767e+00,2.411347916203559372e+00
1.090000000000000000e+02,1.269809788805928541e+00,5.776846206943817208e+01
1.100000000000000000e+02,5.089126733221227994e+00,8.635805575855115990e+00
1.110000000000000000e+02,2.549462414823945089e+00,3.102517568916810120e+01
1.120000000000000000e+02,6.385793811983588419e+00,4.597910519019403175e+00
1.130000000000000000e+02,1.279564738829494619e+00,5.959701263835787444e+01
1.140000000000000000e+02,5.127798067826196515e+00,8.778446137521362047e+00
1.150000000000000000e+02,2.568626934122175687e+00,3.183666653688849735e+01
1.160000000000000000e+02,3.859970849424982031e+00,1.683743643278882018e+01
1.170000000000000000e+02,3.866940949727212029e+00,1.692350459229084336e+01
1.180000000000000000e+02,2.582567819538456266e+00,3.244027526914072723e+01
1.190000000000000000e+02,2.587136126251994739e+00,3.264055161705850594e+01
1.200000000000000000e+02,1.036666481603764289e+01,6.731139378433871334e-01
1.210000000000000000e+02,1.947119015495412775e+00,4.570606661829600625e+01
1.220000000000000000e+02,2.600614195054493205e+00,3.323866966937360701e+01
1.230000000000000000e+02,2.605033330884490184e+00,3.343715443438327384e+01
1.240000000000000000e+02,3.914125025768283361e+00,1.751782708032505198e+01
1.250000000000000000e+02,2.613764828772139559e+00,3.383281951386955200e+01
1.260000000000000000e+02,7.854234980272603472e+00,2.482247542284807373e+00
1.270000000000000000e+02,1.311178862794030175e+00,6.593026912261400696e+01
1.280000000000000000e+02,5.253207120321423673e+00,9.257432142341141201e+00
1.290000000000000000e+02,2.630816352884362441e+00,3.461905413121631625e+01
1.300000000000000000e+02,5.269993228131008678e+00,9.323497591815474550e+00
1.310000000000000000e+02,1.319572421139607599e+00,6.772200151899116349e+01
1.320000000000000000e+02,7.929784574178041723e+00,2.504050536887755030e+00
1.330000000000000000e+02,2.647347137575251974e+00,3.539871639429409100e+01
1.340000000000000000e+02,2.651402146295644080e+00,3.559263472845005083e+01
1.350000000000000000e+02,5.310854011947019337e+00,9.486291651643792733e+00
1.360000000000000000e+02,5.318844323238542060e+00,9.518456698091636525e+00
1.370000000000000000e+02,1.331694024231362405e+00,7.039582192259518933e+01
1.380000000000000000e+02,5.334650184475151491e+00,9.582404890777409534e+00
1.390000000000000000e+02,1.335616854727848635e+00,7.128354431534391722e+01
1.400000000000000000e+02,8.025342923014692431e+00,2.531902410549027760e+00
1.410000000000000000e+02,2.678967285737271276e+00,3.693930822143550330e+01
1.420000000000000000e+02,2.682793034048541969e+00,3.713019576428255419e+01
1.430000000000000000e+02,2.686591934782107671e+00,3.732071979366525483e+01
1.440000000000000000e+02,1.008886635796804043e+01,9.280962077658757581e-01
1.450000000000000000e+02,2.694110682494783582e+00,3.770069016963185504e+01
1.460000000000000000e+02,2.697831254755024943e+00,3.789014281905808446e+01
1.470000000000000000e+02,4.052289645629532089e+00,1.938089455302117159e+01
1.480000000000000000e+02,4.057794830780062867e+00,1.945910061103604249e+01
1.490000000000000000e+02,1.354420981231861054e+00,7.569679454274790942e+01
1.500000000000000000e+02,8.137388960662617521e+00,2.564954690039977336e+00
1.510000000000000000e+02,1.358029975585387295e+00,7.657455558322185141e+01
1.520000000000000000e+02,5.439266345885056531e+00,1.001663637221206749e+01
1.530000000000000000e+02,4.084774445375054519e+00,1.984695706095848067e+01
1.540000000000000000e+02,5.453419256776335544e+00,1.007687277592907549e+01
1.550000000000000000e+02,2.730213466723650839e+00,3.957978006971023888e+01
1.560000000000000000e+02,8.201084316542713637e+00,2.583936080532008628e+00
1.570000000000000000e+02,1.368576916361496032e+00,7.919849904331950086e+01
1.580000000000000000e+02,2.740590930827892624e+00,4.013703875042296687e+01
1.590000000000000000e+02,2.744006343626925304e+00,4.032215341337497705e+01
1.600000000000000000e+02,8.242201029116522193e+00,2.596263512133599072e+00
1.610000000000000000e+02,2.750773195899729462e+00,4.069144065580754699e+01
1.620000000000000000e+02,6.885312910222273430e+00,5.180698434624017246e+00
1.630000000000000000e+02,1.378728252325471804e+00,8.180890286313470483e+01
1.640000000000000000e+02,4.141151204870880065e+00,2.068255984089944377e+01
1.650000000000000000e+02,5.528116615208285012e+00,1.040084617997295346e+01
1.660000000000000000e+02,2.767329260957352322e+00,4.160927744375599957e+01
1.670000000000000000e+02,1.385290284413305484e+00,8.354193072703581890e+01
1.680000000000000000e+02,1.109524986314785799e+01,6.546458005238678934e-01
1.690000000000000000e+02,2.082768886677748732e+00,5.965120035142965804e+01
1.700000000000000000e+02,5.560437888994799849e+00,1.054423739864682119e+01
1.710000000000000000e+02,4.175090962359941038e+00,2.120247829011347562e+01
1.720000000000000000e+02,4.179825737870688229e+00,2.127604108395391691e+01
1.730000000000000000e+02,1.394844355084424725e+00,8.613100205555474531e+01
1.740000000000000000e+02,5.585617681220367281e+00,1.065731444331927413e+01
1.750000000000000000e+02,4.193866635824540445e+00,2.149569443004125446e+01
1.760000000000000000e+02,6.997489159388608826e+00,5.321415904174549460e+00
1.770000000000000000e+02,2.802062760531984775e+00,4.360266848680164031e+01
1.780000000000000000e+02,2.805112577798399176e+00,4.378219646697097289e+01
1.790000000000000000e+02,1.404072654582085855e+00,8.870794692104557555e+01
1.800000000000000000e+02,1.265022515251322943e+01,3.223376354904233243e-01
1.810000000000000000e+02,1.407080136262101488e+00,8.956431433487496463e+01
1.820000000000000000e+02,5.634285751686116228e+00,1.087932078069075104e+01
1.830000000000000000e+02,2.820109136048022158e+00,4.467578288136994047e+01
1.840000000000000000e+02,5.646118462534011506e+00,1.093399262905601432e+01
1.850000000000000000e+02,2.825993336731503991e+00,4.503136093519639616e+01
1.860000000000000000e+02,5.657823249678101796e+00,1.098834371706047541e+01
1.870000000000000000e+02,2.831814265214002813e+00,4.538590000568196814e+01
1.880000000000000000e+02,4.252052137150051259e+00,2.243037112363279917e+01
1.890000000000000000e+02,5.675146535502126888e+00,1.106928047989397612e+01
1.900000000000000000e+02,5.680859911641314319e+00,1.109610467269341072e+01
1.910000000000000000e+02,1.421635824041650675e+00,9.382726787192612505e+01
1.920000000000000000e+02,9.961344754039842542e+00,1.318932892665850787e+00
1.930000000000000000e+02,1.424455334603970780e+00,9.467618797184228185e+01
1.940000000000000000e+02,2.851708304028546692e+00,4.661880530514812193e+01
1.950000000000000000e+02,5.708983110118066584e+00,1.122909304291728105e+01
1.960000000000000000e+02,6.428836281260514873e+00,7.875026254416198412e+00
1.970000000000000000e+02,1.430007746050967921e+00,9.637047277785754318e+01
1.980000000000000000e+02,8.588269397158628138e+00,2.702378556659501996e+00
1.990000000000000000e+02,1.432741815423635323e+00,9.721586487368102780e+01
2.000000000000000000e+02,8.604591377750907100e+00,2.707489109860099052e+00
2.010000000000000000e+02,2.870897087289173033e+00,4.783972514908742113e+01
2.020000000000000000e+02,2.873583649294215725e+00,4.801319518196084601e+01
2.030000000000000000e+02,2.876256944272337357e+00,4.818643292767590935e+01
2.040000000000000000e+02,8.636751307838398617e+00,2.717586961151655434e+00
2.050000000000000000e+02,2.881564252792049086e+00,4.853221735360912703e+01
2.060000000000000000e+02,2.884198521410947347e+00,4.870476689166702755e+01
2.070000000000000000e+02,4.330230049846656826e+00,2.375050440456424283e+01
2.080000000000000000e+02,7.223572278025836901e+00,5.616742899718881965e+00
2.090000000000000000e+02,2.892025276537260048e+00,4.922106162450051414e+01
2.100000000000000000e+02,1.157843699466037179e+01,6.426783156627905447e-01
2.110000000000000000e+02,1.448590472672305562e+00,1.022645309841065995e+02
2.120000000000000000e+02,4.349610723984532967e+00,2.408961687696254117e+01
2.130000000000000000e+02,2.902287975042070922e+00,4.990634645755092436e+01
2.140000000000000000e+02,2.904823535335410156e+00,5.007712151248786370e+01
2.150000000000000000e+02,2.907347274791920899e+00,5.024768070409935206e+01
2.160000000000000000e+02,1.163943721247335894e+01,6.411831108183709826e-01
2.170000000000000000e+02,2.912359728501204614e+00,5.058815658386871661e+01
2.180000000000000000e+02,2.914848657634816043e+00,5.075807578200277703e+01
2.190000000000000000e+02,2.917326195748553896e+00,5.092778413716332864e+01
2.200000000000000000e+02,8.759377339900717985e+00,2.756436924709074976e+00
2.210000000000000000e+02,2.922247512668893599e+00,5.126657319633331866e+01
2.220000000000000000e+02,5.849382989693808099e+00,1.191723756677031787e+01
2.230000000000000000e+02,1.463562246399144007e+00,1.072744654910884776e+02
2.240000000000000000e+02,8.788639814449181742e+00,2.765789546905526475e+00
2.250000000000000000e+02,6.596905337732404284e+00,8.311563461410921505e+00
2.260000000000000000e+02,2.934358557681948199e+00,5.210994015223029407e+01
2.270000000000000000e+02,1.468374294320625273e+00,1.089362523504073010e+02
2.280000000000000000e+02,8.817384341808173431e+00,2.775007522624374889e+00
2.290000000000000000e+02,1.470748612760055307e+00,1.097656564294085513e+02
2.300000000000000000e+02,5.887712028290269295e+00,1.211232216026530750e+01
2.310000000000000000e+02,5.892409138763392562e+00,1.213644781566510567e+01
2.320000000000000000e+02,5.897085959279227296e+00,1.216051699933245445e+01
2.330000000000000000e+02,1.475435666093962483e+00,1.114215349242529527e+02
2.340000000000000000e+02,8.859569139523300052e+00,2.788591265608911574e+00
2.350000000000000000e+02,2.955498207644829733e+00,5.361540375730046293e+01
2.360000000000000000e+02,4.436695349342122618e+00,2.567413668082745204e+01
2.370000000000000000e+02,2.960085871821421577e+00,5.394781579863454368e+01
2.380000000000000000e+02,5.924730412549907399e+00,1.230376689841540205e+01
2.390000000000000000e+02,1.482317491871274040e+00,1.138981702730145997e+02
2.400000000000000000e+02,1.483447642016184886e+01,1.441934776054911993e-01
2.410000000000000000e+02,1.484573092978525022e+00,1.147218366991203169e+02
2.420000000000000000e+02,4.457081651025264435e+00,2.605987827265237300e+01
2.430000000000000000e+02,4.460430157623657799e+00,2.612378924517471646e+01
2.440000000000000000e+02,4.463764912616178471e+00,2.618759352365792736e+01
2.450000000000000000e+02,4.467086028490871108e+00,2.625129172239933695e+01
2.460000000000000000e+02,5.960524821814898289e+00,1.249175872689621691e+01
2.470000000000000000e+02,2.982458523992151278e+00,5.559865857585236881e+01
2.480000000000000000e+02,5.969291527736961811e+00,1.253823759038905195e+01
2.490000000000000000e+02,2.986824201950880830e+00,5.592663796170995028e+01
2.500000000000000000e+02,5.977987817590196151e+00,1.258451398272409172e+01
2.510000000000000000e+02,1.495577477055948012e+00,1.188264708372795724e+02
2.520000000000000000e+02,1.346988333051221964e+01,2.995384234272396307e-01
2.530000000000000000e+02,2.995451334861737980e+00,5.658046709377438788e+01
2.540000000000000000e+02,2.997586805611018868e+00,5.674348591946328924e+01
2.550000000000000000e+02,5.999427770981856867e+00,1.269933537816873503e+01
2.560000000000000000e+02,6.754123440413259516e+00,8.741796557072971652e+00
2.570000000000000000e+02,1.501971567301616961e+00,1.212785906557991922e+02
2.580000000000000000e+02,6.012090865814642804e+00,1.276764392213106980e+01
2.590000000000000000e+02,3.008139598509057322e+00,5.755599283680157896e+01
2.600000000000000000e+02,9.030677082265389899e+00,2.844374232286405402e+00
2.610000000000000000e+02,4.518455672405568890e+00,2.725651489145178274e+01
2.620000000000000000e+02,3.014373922302174158e+00,5.804145766934139061e+01
2.630000000000000000e+02,1.508218088365622433e+00,1.237229742865836499e+02
2.640000000000000000e+02,1.207396241899589029e+01,6.306324297664783751e-01
2.650000000000000000e+02,3.020537265534483762e+00,5.852542020176188231e+01
2.660000000000000000e+02,6.045152435196421870e+00,1.294772492420914567e+01
2.670000000000000000e+02,3.024607518791928129e+00,5.884723795760561416e+01
2.680000000000000000e+02,4.539946839477904561e+00,2.768840021739564250e+01
2.690000000000000000e+02,1.514323698371029980e+00,1.261598218321218496e+02
2.700000000000000000e+02,1.212262434398587452e+01,6.294617354337626036e-01
2.710000000000000000e+02,1.516328674697826173e+00,1.269704628635143422e+02
2.720000000000000000e+02,7.586628104105574977e+00,6.125669240660286619e+00
2.730000000000000000e+02,6.073275633673174134e+00,1.310290522275256464e+01
2.740000000000000000e+02,3.038617128485683772e+00,5.996850706332308789e+01
2.750000000000000000e+02,4.560883844267552334e+00,2.811572913792194939e+01
2.760000000000000000e+02,9.127662516781601454e+00,2.876486566791146338e+00
2.770000000000000000e+02,1.522256004255063244e+00,1.293975572089526338e+02
2.780000000000000000e+02,3.046462789478656230e+00,6.060574672055263790e+01
2.790000000000000000e+02,4.572609848748870220e+00,2.835793421324720853e+01
2.800000000000000000e+02,1.220137355077809183e+01,6.275718125460252317e-01
2.810000000000000000e+02,1.526136652325520204e+00,1.310116621351220374e+02
2.820000000000000000e+02,6.108392731520460472e+00,1.329929072925022204e+01
2.830000000000000000e+02,1.528056309779608046e+00,1.318175464741599399e+02
2.840000000000000000e+02,4.587033171107251839e+00,2.865871692647019131e+01
2.850000000000000000e+02,6.119849793628372225e+00,1.336399677874121572e+01
2.860000000000000000e+02,6.123642029610133264e+00,1.338548346211450379e+01
2.870000000000000000e+02,3.063710514569602861e+00,6.203054707536435330e+01
2.880000000000000000e+02,1.379517048966496340e+01,2.909439143157180330e-01
2.890000000000000000e+02,2.300602382325592110e+00,9.148046909189440612e+01
2.900000000000000000e+02,6.138679525035485085e+00,1.347102604952221583e+01
2.910000000000000000e+02,3.071203245022075645e+00,6.265989718357174354e+01
2.920000000000000000e+02,4.609590502166976300e+00,2.913553464933809423e+01
2.930000000000000000e+02,1.537455537748348311e+00,1.358355333254855566e+02
2.940000000000000000e+02,9.230266531327940172e+00,2.910853978911042361e+00
2.950000000000000000e+02,3.078593682439543677e+00,6.328691002553761535e+01
2.960000000000000000e+02,6.160851267752668114e+00,1.359815090251365532e+01
2.970000000000000000e+02,6.164502813426143035e+00,1.361920231859550690e+01
2.980000000000000000e+02,3.084071042486681069e+00,6.375566005424948912e+01
2.990000000000000000e+02,3.085884582316628766e+00,6.391162579969923030e+01
3.000000000000000000e+02,1.389461430109724205e+01,2.883660278116420561e-01
3.010000000000000000e+02,3.089493536569474674e+00,6.422313451358766656e+01
3.020000000000000000e+02,3.091289031193733550e+00,6.437867867247416598e+01
3.030000000000000000e+02,3.093078590287744234e+00,6.453408348549420737e+01
3.040000000000000000e+02,7.737155632413719175e+00,6.349968709148833490e+00
3.050000000000000000e+02,3.096640057955581060e+00,6.484447740599991050e+01
3.060000000000000000e+02,9.295236130818985032e+00,2.932827681186247482e+00
3.070000000000000000e+02,1.550089123945341374e+00,1.414297582372356032e+02
3.080000000000000000e+02,9.305816125233377534e+00,2.936421668076222513e+00
3.090000000000000000e+02,3.103693462404476300e+00,6.546361850771559432e+01
3.100000000000000000e+02,6.210885093493219600e+00,1.388945266097661957e+01
3.110000000000000000e+02,1.553592998978557294e+00,1.430217065347905248e+02
3.120000000000000000e+02,1.243569540881545343e+01,6.219817567865529861e-01
3.130000000000000000e+02,1.555328072653758165e+00,1.438166399062802157e+02
3.140000000000000000e+02,3.112382912745951025e+00,6.623450359696644796e+01
3.150000000000000000e+02,9.342312568975867038e+00,2.948853215717108789e+00
3.160000000000000000e+02,4.673730016276277155e+00,3.053511111015633261e+01
3.170000000000000000e+02,1.558765205399025966e+00,1.454044501918930052e+02
3.180000000000000000e+02,6.238470847299768529e+00,1.405271982829610344e+01
3.190000000000000000e+02,3.120935083234345431e+00,6.700207313111229723e+01
3.200000000000000000e+02,1.092920298071629759e+01,1.354888963795574108e+00
3.210000000000000000e+02,3.124318476328939109e+00,6.730818742957376344e+01
3.220000000000000000e+02,6.252004551845376845e+00,1.413351983876433238e+01
3.230000000000000000e+02,3.127680854424045975e+00,6.761378592172825108e+01
3.240000000000000000e+02,1.173507841541950647e+01,9.168643993060782149e-01
3.250000000000000000e+02,4.696533715449888291e+00,3.104874300423987776e+01
3.260000000000000000e+02,3.132685584673902568e+00,6.807122537789217631e+01
3.270000000000000000e+02,3.134343598628344996e+00,6.822345165042257520e+01
3.280000000000000000e+02,6.271993099873759192e+00,1.425370764444376803e+01
3.290000000000000000e+02,3.137644469422383509e+00,6.852752682820845109e+01
3.300000000000000000e+02,1.255714955050840587e+01,6.191039298508053124e-01
3.310000000000000000e+02,1.570462667408019763e+00,1.509406995807981673e+02
3.320000000000000000e+02,4.713837511470466701e+00,3.144425240985406234e+01
3.330000000000000000e+02,4.716279653760649282e+00,3.150047619755814310e+01
3.340000000000000000e+02,3.145809648849569928e+00,6.928553599091891613e+01
3.350000000000000000e+02,3.147428009196731491e+00,6.943676812058410519e+01
3.360000000000000000e+02,1.574520772904961596e+01,1.280297391983475364e-01
3.370000000000000000e+02,1.575325143679623174e+00,1.533036137275043984e+02
3.380000000000000000e+02,4.728381393389935461e+00,3.178057324262388050e+01
3.390000000000000000e+02,3.153853498675476708e+00,7.004047981942278511e+01
3.400000000000000000e+02,9.466344073561074879e+00,2.991495952448553819e+00
3.410000000000000000e+02,3.157037867463213132e+00,7.034161196550746808e+01
3.420000000000000000e+02,9.475869164788758070e+00,2.994796116626888605e+00
3.430000000000000000e+02,3.160203614104800440e+00,7.064226643724965982e+01
3.440000000000000000e+02,6.323559143873502819e+00,1.456850614498165264e+01
3.450000000000000000e+02,6.326701910277327201e+00,1.458791522859438139e+01
3.460000000000000000e+02,3.164917790191808411e+00,7.109236022863184701e+01
3.470000000000000000e+02,1.583240051674090765e+00,1.572292221265663557e+02
3.480000000000000000e+02,9.504113761899427359e+00,3.004603458833135399e+00
3.490000000000000000e+02,1.584795633924007463e+00,1.580124939036799390e+02
3.500000000000000000e+02,9.513420511717955108e+00,3.007842061697466374e+00
3.510000000000000000e+02,6.345369308335924607e+00,1.470373538455901041e+01
3.520000000000000000e+02,9.522674231335207296e+00,3.011065671923593978e+00
3.530000000000000000e+02,1.587880232167217187e+00,1.595772196570223684e+02
3.540000000000000000e+02,6.354583681109886584e+00,1.476124363266941764e+01
3.550000000000000000e+02,3.178818896949629824e+00,7.243635693807074460e+01
3.560000000000000000e+02,4.770512486732037871e+00,3.277527720675531242e+01
3.570000000000000000e+02,6.363720294536964417e+00,1.481848865408134763e+01
3.580000000000000000e+02,3.183374389187130671e+00,7.288229858803111938e+01
3.590000000000000000e+02,1.592442203636731612e+00,1.619198219805238068e+02
3.600000000000000000e+02,1.911834135015539005e+01,2.539846236432839396e-02
3.610000000000000000e+02,2.390918899310477741e+00,1.092259321126668112e+02
3.620000000000000000e+02,3.189389352547161938e+00,7.347531765127533276e+01
3.630000000000000000e+02,4.786324062515556754e+00,3.315656721375422222e+01
3.640000000000000000e+02,9.577115867598051224e+00,3.030100944060237111e+00
3.650000000000000000e+02,3.193857117656112354e+00,7.391891836767436530e+01
3.660000000000000000e+02,6.390676432141961349e+00,1.498867801848282433e+01
3.670000000000000000e+02,1.598407636642303675e+00,1.650350754400308517e+02
3.680000000000000000e+02,7.995720778224912451e+00,6.754591859317866209e+00
3.690000000000000000e+02,4.799636027851466480e+00,3.348101728829784207e+01
3.700000000000000000e+02,6.402444833508925903e+00,1.506359022754962851e+01
3.710000000000000000e+02,3.202683527312037537e+00,7.480317263231115987e+01
3.720000000000000000e+02,9.612422114586028243e+00,3.042509891489615814e+00
3.730000000000000000e+02,1.602796985260618312e+00,1.673654804832115133e+02
3.740000000000000000e+02,6.414086690473923547e+00,1.513806529473383655e+01
3.750000000000000000e+02,6.416977699577254057e+00,1.515661660447599068e+01
3.760000000000000000e+02,6.419861009579319600e+00,1.517514115326613933e+01
3.770000000000000000e+02,3.211368330689236217e+00,7.568356441212392838e+01
3.780000000000000000e+02,1.285120939109608962e+01,6.121912777685725171e-01
3.790000000000000000e+02,1.607116288084945221e+00,1.696908175777596739e+02
3.800000000000000000e+02,9.646977107530847917e+00,3.054704004182868360e+00
3.810000000000000000e+02,3.217081746604547821e+00,7.626838504929213514e+01
3.820000000000000000e+02,3.218500728106260311e+00,7.641433004005202179e+01
3.830000000000000000e+02,1.609957999924090277e+00,1.712382718446836805e+02
3.840000000000000000e+02,1.288531032470879900e+01,6.113946562398405726e-01
3.850000000000000000e+02,6.445470982578510366e+00,1.534067569677260501e+01
3.860000000000000000e+02,3.224139749230900520e+00,7.699707967604857117e+01
3.870000000000000000e+02,4.838310560851274644e+00,3.444174729037882798e+01
3.880000000000000000e+02,4.840406076077258035e+00,3.449458315067750647e+01
3.890000000000000000e+02,1.614165399145230273e+00,1.735553630794999265e+02
3.900000000000000000e+02,1.291888254032796901e+01,6.106113985680274858e-01
3.910000000000000000e+02,3.231106912748523463e+00,7.772322382265710417e+01
3.920000000000000000e+02,9.697468948416231527e+00,3.072610007068679927e+00
3.930000000000000000e+02,3.233868863295703111e+00,7.801297665480805676e+01
3.940000000000000000e+02,3.235244572124894802e+00,7.815770334129821606e+01
3.950000000000000000e+02,3.236616793728980035e+00,7.830233063730774745e+01
3.960000000000000000e+02,1.457093495584125797e+01,2.714293846886273731e-01
3.970000000000000000e+02,1.619675422833287248e+00,1.766373161843447974e+02
3.980000000000000000e+02,3.240712710870229607e+00,7.873561936949879225e+01
3.990000000000000000e+02,6.484142317183479776e+00,1.559406289713353999e+01
4.000000000000000000e+02,1.216284827227473109e+01,9.139681188637577280e-01
4.010000000000000000e+02,1.622388934947731620e+00,1.781751329978463332e+02
4.020000000000000000e+02,6.492252334624263987e+00,1.564773098212224411e+01
4.030000000000000000e+02,3.247471114918103474e+00,7.945580892141170182e+01
4.040000000000000000e+02,4.873219093975762028e+00,3.533257457684931779e+01
4.050000000000000000e+02,8.125377567474993512e+00,6.967094524167046998e+00
4.060000000000000000e+02,6.502972048590591747e+00,1.571895227027738429e+01
4.070000000000000000e+02,3.252817737471065840e+00,8.003022026912155695e+01
4.080000000000000000e+02,1.301658473054303400e+01,6.083376590648785776e-01
4.090000000000000000e+02,1.627735687894726224e+00,1.812445659093305039e+02
4.100000000000000000e+02,6.513586665630016093e+00,1.578979470947793118e+01
4.110000000000000000e+02,3.258112069479212280e+00,8.060310559749943593e+01
4.120000000000000000e+02,4.889141402150859683e+00,3.574651022438358439e+01
4.130000000000000000e+02,3.260739944217097452e+00,8.088898191051889341e+01
4.140000000000000000e+02,9.786147339762189645e+00,3.104312593577636115e+00
4.150000000000000000e+02,3.263355123858439732e+00,8.117448375401436067e+01
4.160000000000000000e+02,9.793973973699879210e+00,3.107126280368473381e+00
4.170000000000000000e+02,3.265957730472185183e+00,8.145961341965264069e+01
4.180000000000000000e+02,6.534508713120438017e+00,1.593036563023426666e+01
4.190000000000000000e+02,1.634273942187539408e+00,1.850699661208503528e+02
4.200000000000000000e+02,1.961902997212831323e+01,2.306912178818050496e-02
4.210000000000000000e+02,1.635562852082521168e+00,1.858335550279783490e+02
4.220000000000000000e+02,3.272410025367570086e+00,8.217082412068094754e+01
4.230000000000000000e+02,4.910536960130637674e+00,3.631038174917846106e+01
4.240000000000000000e+02,6.549939125358628544e+00,1.603484060339191686e+01
4.250000000000000000e+02,4.914367211097730781e+00,3.641226117447278909e+01
4.260000000000000000e+02,6.555034110130059766e+00,1.606948755925109396e+01
4.270000000000000000e+02,3.278786319733134391e+00,8.287975756399588079e+01
4.280000000000000000e+02,4.920078923037553231e+00,3.656471608631321146e+01
4.290000000000000000e+02,6.562631911597191170e+00,1.612129329581845383e+01
4.300000000000000000e+02,6.565152709629759720e+00,1.613851827125817096e+01
4.310000000000000000e+02,1.641916913036196579e+00,1.896441902467231557e+02
4.320000000000000000e+02,1.642544191570649303e+01,1.171505558100273264e-01
4.330000000000000000e+02,1.643170019748815047e+00,1.904048734971338206e+02
4.340000000000000000e+02,6.575177617048327150e+00,1.620720223059119647e+01
4.350000000000000000e+02,6.577669407022542991e+00,1.622431961868427308e+01
4.360000000000000000e+02,4.935116606486662505e+00,3.696915587943717441e+01
4.370000000000000000e+02,3.291317924071780698e+00,8.429092711504922875e+01
4.380000000000000000e+02,6.585110551543025714e+00,1.627554435105840724e+01
4.390000000000000000e+02,1.646894902843063946e+00,1.926840809847344644e+02
4.400000000000000000e+02,1.318008610662612590e+01,6.045515554856493168e-01
4.410000000000000000e+02,7.416563515731395384e+00,1.081315142217893843e+01
4.420000000000000000e+02,6.594953185383704231e+00,1.634354943270254168e+01
4.430000000000000000e+02,1.649349981502238549e+00,1.942012085951857614e+02
4.440000000000000000e+02,9.899761724609589919e+00,3.145408278870218233e+00
4.450000000000000000e+02,3.301138440699487031e+00,8.541357635030313133e+01
4.460000000000000000e+02,3.302353572821246530e+00,8.555352176144107545e+01
4.470000000000000000e+02,3.303565983480210022e+00,8.569338226753880861e+01
4.480000000000000000e+02,1.156671489693773580e+01,1.379106442408932542e+00
4.490000000000000000e+02,1.652991344490148728e+00,1.964734318891701150e+02
4.500000000000000000e+02,1.488234153556812345e+01,2.639691113826180824e-01
4.510000000000000000e+02,3.308388653531611379e+00,8.625198004891879577e+01
4.520000000000000000e+02,4.964381456557360295e+00,3.776910542169250107e+01
4.530000000000000000e+02,3.310783972187262503e+00,8.653077572509054960e+01
4.540000000000000000e+02,3.311977668664209506e+00,8.667004858400794376e+01
4.550000000000000000e+02,6.626337477488291938e+00,1.656229423640292708e+01
4.560000000000000000e+02,1.325742877583606472e+01,6.027687961580621145e-01
4.570000000000000000e+02,1.657771522882489412e+00,1.994966869555565836e+02
4.580000000000000000e+02,3.316726305543069575e+00,8.722631224630524116e+01
4.590000000000000000e+02,6.635813969199714890e+00,1.662891795861818522e+01
4.600000000000000000e+02,9.957255282504281269e+00,3.166411248227995134e+00
4.610000000000000000e+02,1.660130322703674777e+00,2.010056227693769415e+02
4.620000000000000000e+02,1.328573459761862097e+01,6.021176579156684028e-01
4.630000000000000000e+02,1.661302058587561747e+00,2.017594255045201521e+02
4.640000000000000000e+02,8.309430149156431966e+00,7.280281125827021249e+00
4.650000000000000000e+02,6.649874975480276618e+00,1.672826690942833494e+01
4.660000000000000000e+02,3.326100412210883928e+00,8.833491369282155858e+01
4.670000000000000000e+02,1.663630421904199297e+00,2.032657114844420221e+02
4.680000000000000000e+02,1.497788456938826585e+01,2.617215860814263717e-01
4.690000000000000000e+02,3.329574270974285266e+00,8.874930816126710909e+01
4.700000000000000000e+02,6.661454575335577388e+00,1.681052884446003048e+01
4.710000000000000000e+02,3.331877853739479978e+00,8.902517252908917555e+01
4.720000000000000000e+02,6.666051959168746599e+00,1.684330091610367219e+01
4.730000000000000000e+02,3.334171675531483192e+00,8.930072001484847988e+01
4.740000000000000000e+02,6.670629903688761075e+00,1.687599790043340775e+01
4.750000000000000000e+02,5.004683728082617300e+00,3.889917102528447401e+01
4.760000000000000000e+02,1.001278285889373620e+01,3.186829147436185838e+00
4.770000000000000000e+02,5.008095546965119382e+00,3.899637594816113761e+01
4.780000000000000000e+02,3.339864063765507041e+00,8.998821349691372973e+01
4.790000000000000000e+02,1.670497696804355892e+00,2.077741659034076633e+02
4.800000000000000000e+02,2.005274618433197276e+01,2.122475715599060272e-02
4.810000000000000000e+02,3.343250984925956626e+00,9.039977492639673073e+01
4.820000000000000000e+02,3.344375265980009004e+00,9.053680753012409355e+01
4.830000000000000000e+02,6.690994433832433863e+00,1.702221808184095764e+01
4.840000000000000000e+02,7.529887906589554092e+00,1.121375279817297432e+01
4.850000000000000000e+02,3.347734166929634103e+00,9.094744456905200991e+01
4.860000000000000000e+02,1.004654755531619159e+01,3.199308991216540221e+00
4.870000000000000000e+02,1.674980955680701822e+00,2.107712970179240131e+02
4.880000000000000000e+02,6.702144710200822253e+00,1.710281467349780726e+01
4.890000000000000000e+02,3.352180525667431521e+00,9.149389297772160035e+01
4.900000000000000000e+02,1.005985929705061466e+01,3.204242594831620661e+00
4.910000000000000000e+02,1.677195042189833840e+00,2.122673588349103682e+02
4.920000000000000000e+02,1.006647447279122431e+01,3.206697143251083570e+00
4.930000000000000000e+02,3.356590661121131358e+00,9.203913283219394259e+01
4.940000000000000000e+02,6.715375208030220477e+00,1.719894273737420676e+01
4.950000000000000000e+02,1.007634698586189081e+01,3.210363817927390784e+00
4.960000000000000000e+02,8.399687109728599665e+00,7.438969802567228840e+00
4.970000000000000000e+02,3.360965158727183155e+00,9.258317657890302144e+01
4.980000000000000000e+02,6.724106563947679582e+00,1.726267739580612215e+01
4.990000000000000000e+02,1.681569611212076598e+00,2.152545519049310769e+02
5.000000000000000000e+02,1.009266896645417155e+01,3.216435038054693329e+00
5.010000000000000000e+02,3.365304589843098437e+00,9.312603643706448509e+01
5.020000000000000000e+02,3.366384034134854986e+00,9.326156782980582705e+01
5.030000000000000000e+02,1.683730665138673865e+00,2.167457131326617628e+02
5.040000000000000000e+02,2.021121892082071270e+01,2.058828215743963713e-02
5.050000000000000000e+02,3.369609512195303580e+00,9.366772440460299265e+01
5.060000000000000000e+02,6.741360829769392993e+00,1.738932051705121040e+01
5.070000000000000000e+02,5.057623804880229557e+00,4.043513564361125390e+01
5.080000000000000000e+02,5.059223828450966742e+00,4.048248993554611275e+01
5.090000000000000000e+02,1.686940235154659851e+00,2.189794520093482504e+02
5.100000000000000000e+02,1.349977186205554958e+01,5.972167266164359889e-01
5.110000000000000000e+02,3.376003379433666129e+00,9.447808477732898780e+01
5.120000000000000000e+02,8.442654300516574395e+00,7.515724868552561055e+00
5.130000000000000000e+02,6.756235991846229361e+00,1.749924696177063055e+01
5.140000000000000000e+02,3.379172214626192883e+00,9.488229829589052144e+01
5.150000000000000000e+02,3.380224384312035202e+00,9.501689410816639736e+01
5.160000000000000000e+02,1.014382353879084064e+01,3.235537275022051240e+00
5.170000000000000000e+02,3.382322608384392026e+00,9.528587374229063300e+01
5.180000000000000000e+02,6.766737357064032565e+00,1.757726953651518897e+01
5.190000000000000000e+02,3.384412731185336920e+00,9.555457187942117514e+01
5.200000000000000000e+02,1.354181909644568904e+01,5.962586457665152162e-01
5.210000000000000000e+02,1.693247407516287106e+00,2.234362945818237449e+02
5.220000000000000000e+02,1.016259858488001377e+01,3.242576712731736421e+00
5.230000000000000000e+02,1.694284460763754163e+00,2.241777432114973010e+02
5.240000000000000000e+02,5.084404503487698790e+00,4.123508338928974126e+01
5.250000000000000000e+02,1.017190533469854330e+01,3.246071822277318386e+00
5.260000000000000000e+02,3.391665256754203828e+00,9.649281835275864694e+01
5.270000000000000000e+02,3.392693445349998616e+00,9.662657683225792482e+01
5.280000000000000000e+02,1.696859842385965678e+01,1.091313661670329366e-01
5.290000000000000000e+02,2.546057986797193973e+00,1.481106216961136113e+02
5.300000000000000000e+02,6.791532691114885445e+00,1.776287599286170860e+01
5.310000000000000000e+02,5.095180172322708145e+00,4.156140345708406159e+01
5.320000000000000000e+02,1.019341589286350924e+01,3.254164442158778314e+00
5.330000000000000000e+02,3.398821900986501721e+00,9.742769115414689907e+01
5.340000000000000000e+02,6.799673197629774180e+00,1.782423842255595403e+01
5.350000000000000000e+02,3.400849398236497567e+00,9.769418592182863392e+01
5.360000000000000000e+02,6.803720612683123115e+00,1.785482633745145620e+01
5.370000000000000000e+02,3.402869330180659624e+00,9.796041117175718682e+01
5.380000000000000000e+02,3.403876476765018921e+00,9.809342312637565442e+01
5.390000000000000000e+02,5.107322629600213659e+00,4.193220955647205983e+01
5.400000000000000000e+02,2.043531099611656643e+01,1.972070147866372344e-02
5.410000000000000000e+02,1.703443361258894617e+00,2.308337139371064097e+02
5.420000000000000000e+02,3.407886429418610863e+00,9.862480349622508413e+01
5.430000000000000000e+02,3.408884293540690447e+00,9.875748250997693845e+01
5.440000000000000000e+02,1.022964096499556597e+01,3.267838523483320934e+00
5.450000000000000000e+02,3.410874520535903454e+00,9.902264233068318333e+01
5.460000000000000000e+02,1.364746758743818411e+01,5.938581350807963233e-01
5.470000000000000000e+02,1.706428728653004878e+00,2.330456688704881856e+02
5.480000000000000000e+02,5.120769312762964098e+00,4.234670569912407245e+01
5.490000000000000000e+02,5.122249735596764886e+00,4.239258961410929771e+01
5.500000000000000000e+02,1.024745492860398066e+01,3.274583920775259838e+00
5.510000000000000000e+02,3.416801672444389038e+00,9.981654717504449081e+01
5.520000000000000000e+02,1.367113300913397289e+01,5.933217433172396360e-01
5.530000000000000000e+02,3.418763055506533810e+00,1.000806612918348293e+02
5.540000000000000000e+02,3.419741088533085449e+00,1.002126213686018303e+02
5.550000000000000000e+02,6.841434715495983809e+00,1.814238214358751833e+01
5.560000000000000000e+02,5.132537804252422120e+00,4.271283207743687171e+01
5.570000000000000000e+02,1.711332315055042130e+00,2.367249887627116607e+02
5.580000000000000000e+02,1.027090693756661466e+01,3.283485444109677243e+00
5.590000000000000000e+02,3.424604922986373978e+00,1.008714578438093952e+02
5.600000000000000000e+02,1.712786233858740914e+01,1.068857913031941997e-01
5.610000000000000000e+02,6.853076572460980564e+00,1.823207889639444446e+01
5.620000000000000000e+02,3.427502384673999369e+00,1.012659938595612061e+02
5.630000000000000000e+02,1.714232384581908297e+00,2.389282830184650095e+02
5.640000000000000000e+02,1.028827633734956848e+01,3.290093825709177189e+00
5.650000000000000000e+02,3.430384420583035610e+00,1.016599602342924840e+02
5.660000000000000000e+02,3.431341699582174609e+00,1.017911564374504678e+02
5.670000000000000000e+02,8.580743221918876174e+00,7.767805505536435007e+00
5.680000000000000000e+02,6.866502388188919781e+00,1.833607121889254188e+01
5.690000000000000000e+02,1.717101710743384801e+00,2.411284017018634813e+02
5.700000000000000000e+02,1.374061590734858029e+01,5.917496672841288108e-01
5.710000000000000000e+02,1.718051433003630724e+00,2.418610755047295129e+02
5.720000000000000000e+02,1.031115028448407678e+01,3.298816768373122876e+00
5.730000000000000000e+02,3.437995669099789264e+00,1.027077813839305946e+02
5.740000000000000000e+02,6.877879189185123643e+00,1.842465662848041319e+01
5.750000000000000000e+02,5.159822815569333976e+00,4.357391245157933213e+01
5.760000000000000000e+02,1.806431824139632525e+01,6.883441369797238529e-02
5.770000000000000000e+02,1.720880767823162572e+00,2.440570190432077311e+02
5.780000000000000000e+02,5.164048384685621329e+00,4.370880968163713476e+01
5.790000000000000000e+02,3.443634690224429473e+00,1.034910496816978593e+02
5.800000000000000000e+02,1.033370652762210362e+01,3.307441202177102468e+00
5.810000000000000000e+02,3.445501385635993508e+00,1.037516501488950524e+02
5.820000000000000000e+02,6.892864650090068324e+00,1.854199431690777899e+01
5.830000000000000000e+02,3.447361666274046055e+00,1.040120079166661640e+02
5.840000000000000000e+02,6.896578829601884841e+00,1.857119209600728382e+01
5.850000000000000000e+02,1.034764672822656273e+01,3.312782541157203386e+00
5.860000000000000000e+02,3.450140155519654694e+00,1.044020918178428872e+02
5.870000000000000000e+02,1.725531579263742454e+00,2.477100800348113125e+02
5.880000000000000000e+02,1.553393065709522602e+01,2.490159369752350804e-01
5.890000000000000000e+02,3.452904456673255851e+00,1.047916355570712028e+02
5.900000000000000000e+02,6.907645524925004388e+00,1.865846208785607985e+01
5.910000000000000000e+02,3.454739513118423755e+00,1.050510330201239952e+02
5.920000000000000000e+02,8.639136784748233211e+00,7.876930066640046135e+00
5.930000000000000000e+02,1.728284185018380326e+00,2.498978680241367272e+02
5.940000000000000000e+02,1.382992194694412191e+01,5.897352013441414798e-01
5.950000000000000000e+02,6.916782138352082221e+00,1.873082076496436343e+01
5.960000000000000000e+02,5.188950183764459823e+00,4.451230087730307616e+01
5.970000000000000000e+02,3.460207651863758560e+00,1.058278045111726300e+02
5.980000000000000000e+02,6.922227324679173677e+00,1.877407805675156993e+01
5.990000000000000000e+02,1.731009079506373283e+00,2.520826622090680758e+02
6.000000000000000000e+02,2.077752688160074257e+01,1.846582069688720504e-02
6.010000000000000000e+02,1.731911315563354981e+00,2.528102675492574463e+02
6.020000000000000000e+02,6.929445233184867270e+00,1.883157210789477887e+01
6.030000000000000000e+02,5.198431662458490976e+00,4.482210197843761534e+01
6.040000000000000000e+02,5.199777166825038321e+00,4.486623980632329278e+01
6.050000000000000000e+02,5.201120445376895773e+00,4.491034797492985575e+01
6.060000000000000000e+02,6.936615340621406389e+00,1.888885972530881219e+01
6.070000000000000000e+02,1.734600118136048641e+00,2.549911227969498668e+02
6.080000000000000000e+02,1.041027399896533900e+01,3.336885485182417455e+00
6.090000000000000000e+02,6.941961930577649653e+00,1.893169122873667831e+01
6.100000000000000000e+02,6.943738275957079153e+00,1.894594300550602739e+01
6.110000000000000000e+02,3.472755855839282813e+00,1.076321108576486267e+02
6.120000000000000000e+02,1.563138505633179420e+01,2.468534975495365602e-01
6.130000000000000000e+02,1.737262473041741195e+00,2.571690625145606077e+02
6.140000000000000000e+02,3.475407327913641709e+00,1.080172853862533628e+02
6.150000000000000000e+02,6.952576547617073111e+00,1.901701289405984951e+01
6.160000000000000000e+02,1.390867115373634100e+01,5.879645551046890350e-01
6.170000000000000000e+02,1.739022938216749914e+00,2.586194186046109849e+02
6.180000000000000000e+02,6.957845084854869633e+00,1.905950476672194682e+01
6.190000000000000000e+02,1.739898895507066445e+00,2.593441190807407679e+02
6.200000000000000000e+02,1.044201488030870451e+01,3.349168271626821181e+00
6.210000000000000000e+02,6.963088108495184336e+00,1.910188512231838942e+01
6.220000000000000000e+02,3.482415077980073104e+00,1.090419372611977735e+02
6.230000000000000000e+02,3.483284702477040362e+00,1.091697671686682156e+02
6.240000000000000000e+02,1.742076466113411115e+01,1.028758906737215623e-01
6.250000000000000000e+02,4.356274714620232302e+00,7.078267677389889911e+01
6.260000000000000000e+02,3.485885225330475290e+00,1.095529241907220097e+02
6.270000000000000000e+02,6.973498595107495923e+00,1.918631458934714118e+01
6.280000000000000000e+02,5.231417989153364978e+00,4.591680499205482846e+01
6.290000000000000000e+02,3.488473315357852211e+00,1.099355845232655753e+02
6.300000000000000000e+02,2.093599961808948251e+01,1.791207899256921227e-02
6.310000000000000000e+02,1.745095930040176935e+00,2.636857089447501039e+02
6.320000000000000000e+02,6.982098181747621091e+00,1.925633896235139986e+01
6.330000000000000000e+02,3.491904966361098595e+00,1.104450308666026928e+02
6.340000000000000000e+02,3.492759490821010893e+00,1.105722561455320374e+02
6.350000000000000000e+02,3.493612668512106723e+00,1.106994271203529649e+02
6.360000000000000000e+02,1.048339351101852834e+01,3.365248496705445014e+00
6.370000000000000000e+02,5.242972500782548728e+00,4.630654932447753680e+01
6.380000000000000000e+02,6.992328326514608783e+00,1.933997350542374960e+01
6.390000000000000000e+02,5.245517994087837366e+00,4.639285486210178533e+01
6.400000000000000000e+02,1.399143401233903461e+01,5.861093927286274985e-01
6.410000000000000000e+02,1.749351844237859943e+00,2.672951650296089383e+02
6.420000000000000000e+02,6.999095112703795252e+00,1.939549354010214444e+01
6.430000000000000000e+02,1.750195055407254063e+00,2.680161383800900126e+02
6.440000000000000000e+02,1.050369406783694259e+01,3.373165740158662995e+00
6.450000000000000000e+02,7.004142591616817626e+00,1.943701078465030818e+01
6.460000000000000000e+02,7.005819868894009872e+00,1.945082662838913379e+01
6.470000000000000000e+02,1.751873637943440087e+00,2.694571758588301122e+02
6.480000000000000000e+02,1.752291662067413469e+01,1.015130807941435759e-01
6.490000000000000000e+02,3.505418083179105970e+00,1.124741789790582516e+02
6.500000000000000000e+02,1.051875467096865258e+01,3.379051427667110197e+00
6.510000000000000000e+02,7.014167499035384168e+00,1.951973280632848429e+01
6.520000000000000000e+02,5.261871997045291849e+00,4.695119056144497449e+01
6.530000000000000000e+02,1.754372153221153585e+00,2.716164749357795927e+02
6.540000000000000000e+02,7.019145357302607025e+00,1.956093906291799911e+01
6.550000000000000000e+02,3.510399785203262013e+00,1.132316072781571705e+02
6.560000000000000000e+02,8.778064074899594615e+00,8.142756438445310607e+00
6.570000000000000000e+02,5.268075325147561827e+00,4.716472945332805722e+01
6.580000000000000000e+02,7.025747098890684939e+00,1.961572188879854295e+01
6.590000000000000000e+02,1.756847815904889254e+00,2.737730905323242041e+02
6.600000000000000000e+02,2.108709880590036434e+01,1.739957378929587670e-02
6.610000000000000000e+02,1.757668030370338252e+00,2.744913708759323185e+02
6.620000000000000000e+02,3.516154414838998488e+00,1.141129044868866487e+02
6.630000000000000000e+02,7.033943067370762137e+00,1.968394751261999787e+01
6.640000000000000000e+02,7.035574842006539598e+00,1.969755917798658018e+01
6.650000000000000000e+02,7.037204160998596691e+00,1.971115975064982351e+01
6.660000000000000000e+02,1.055824654759017633e+01,3.394533680347669335e+00
6.670000000000000000e+02,3.520227730768866081e+00,1.147408584141666523e+02
6.680000000000000000e+02,5.281558093308793111e+00,4.763220589494872570e+01
6.690000000000000000e+02,3.521848513814775483e+00,1.149916829093939299e+02
6.700000000000000000e+02,7.045314178439380903e+00,1.977899711950629325e+01
6.710000000000000000e+02,3.523464458695142909e+00,1.152423045243150597e+02
6.720000000000000000e+02,2.114562375499729185e+01,1.720502929596251854e-02
6.730000000000000000e+02,1.762537797104318127e+00,2.787949125615059529e+02
6.740000000000000000e+02,3.525879367382205309e+00,1.156178582248796687e+02
6.750000000000000000e+02,1.058004584669266990e+01,3.403110163724372139e+00
6.760000000000000000e+02,7.936837520136561963e+00,1.277863091392170425e+01
6.770000000000000000e+02,1.764141775525433387e+00,2.802271110108027301e+02
6.780000000000000000e+02,7.058165157396870448e+00,1.988696932063903589e+01
6.790000000000000000e+02,3.529880428707187878e+00,1.162427774651251724e+02
6.800000000000000000e+02,1.412270841817326961e+01,5.831788228593886014e-01
6.810000000000000000e+02,3.531472609657738015e+00,1.164923960968469459e+02
6.820000000000000000e+02,7.064533894972343298e+00,1.994069683189815834e+01
6.830000000000000000e+02,1.766530060724619267e+00,2.823732646472682859e+02
6.840000000000000000e+02,1.590233460728645198e+01,2.409395068259012895e-01
6.850000000000000000e+02,3.534642991386771627e+00,1.169910390523906045e+02
6.860000000000000000e+02,7.070865388255517914e+00,1.999425402644613214e+01
6.870000000000000000e+02,3.536221246536598084e+00,1.172400648467936293e+02
6.880000000000000000e+02,8.842521629899275482e+00,8.269119407237091934e+00
6.890000000000000000e+02,3.537794913728936841e+00,1.174888944912362092e+02
6.900000000000000000e+02,1.415432014064648847e+01,5.824753146451007169e-01
6.910000000000000000e+02,1.769682009780349174e+00,2.852308404395769799e+02
6.920000000000000000e+02,5.310220305322150836e+00,4.864143807738641101e+01
6.930000000000000000e+02,1.062278577119455214e+01,3.419988243832153607e+00
6.940000000000000000e+02,3.541709183371140490e+00,1.181101151806303449e+02
6.950000000000000000e+02,3.542488652379744085e+00,1.182342137331601748e+02
6.960000000000000000e+02,1.417306800262440625e+01,5.820584882775392543e-01
6.970000000000000000e+02,3.544044231418397306e+00,1.184822659625426269e+02
6.980000000000000000e+02,3.544820347870973887e+00,1.186062198155118637e+02
6.990000000000000000e+02,3.545595353204412881e+00,1.187301256109333423e+02
7.000000000000000000e+02,1.595866162768024665e+01,2.397279647323291851e-01
7.010000000000000000e+02,1.773571021603929543e+00,2.887965255298903458e+02
7.020000000000000000e+02,1.419165493676368328e+01,5.816455343197745043e-01
7.030000000000000000e+02,3.548684326681109447e+00,1.192252699597827785e+02
7.040000000000000000e+02,1.242308838330476561e+01,1.412320596304049047e+00
7.050000000000000000e+02,7.100444457322635294e+00,2.024637113230911822e+01
7.060000000000000000e+02,3.550989544357393335e+00,1.195961278689252794e+02
7.070000000000000000e+02,3.551755773972856911e+00,1.197196523247231994e+02
7.080000000000000000e+02,1.065756276173370587e+01,3.433783494332711239e+00
7.090000000000000000e+02,1.776642493614861928e+00,2.916441164653766691e+02
7.100000000000000000e+02,7.108095953945177570e+00,2.031210457985916307e+01
7.110000000000000000e+02,5.332214839256863570e+00,4.943036987895304435e+01
7.120000000000000000e+02,7.111141475688634195e+00,2.033832777389065072e+01
7.130000000000000000e+02,3.556330514997733339e+00,1.204598091071716937e+02
7.140000000000000000e+02,1.422835690916576468e+01,5.808309709566975565e-01
7.150000000000000000e+02,7.115693755412308086e+00,2.037758790875270165e+01
7.160000000000000000e+02,5.337905203815134669e+00,4.963655533765862771e+01
7.170000000000000000e+02,3.559359004759035550e+00,1.209523103078585393e+02
7.180000000000000000e+02,3.560113487296422186e+00,1.210753192886014631e+02
7.190000000000000000e+02,1.780433459876695101e+00,2.951975011592201668e+02
7.200000000000000000e+02,2.671214478786642843e+01,1.139892656558082196e-03
7.210000000000000000e+02,3.562370646089588533e+00,1.214440683801400667e+02
7.220000000000000000e+02,5.344681418655393479e+00,4.988320782375876661e+01
7.230000000000000000e+02,3.563870206973537957e+00,1.216896703815772156e+02
7.240000000000000000e+02,5.346927648855180237e+00,4.996524021452855635e+01
7.250000000000000000e+02,5.348048438128245152e+00,5.000622190520924448e+01
7.260000000000000000e+02,1.069833536509998950e+01,3.450027949362000967e+00
7.270000000000000000e+02,1.783428462124431180e+00,2.980353925714067032e+02
7.280000000000000000e+02,1.427040414355590414e+01,5.798991768432484317e-01
7.290000000000000000e+02,6.244602220673121096e+00,3.211658687225973097e+01
7.300000000000000000e+02,7.138172395358142630e+00,2.057256385643212226e+01
7.310000000000000000e+02,3.569827253418269120e+00,1.226702465664550772e+02
7.320000000000000000e+02,1.071170188828181757e+01,3.455370093856162672e+00
7.330000000000000000e+02,1.785653164236064017e+00,3.001610367396504557e+02
7.340000000000000000e+02,3.572044353307565867e+00,1.230372127084376785e+02
7.350000000000000000e+02,1.071834412003120285e+01,3.458027843707257798e+00
7.360000000000000000e+02,1.072055217393877058e+01,3.458911802866063034e+00
7.370000000000000000e+02,3.574252409936293784e+00,1.234037731052204094e+02
7.380000000000000000e+02,1.072495929577181073e+01,3.460676799436118944e+00
7.390000000000000000e+02,1.787859729987467450e+00,3.022843274115882082e+02
7.400000000000000000e+02,1.072935449033226440e+01,3.462437916264841320e+00
7.410000000000000000e+02,7.154365090017276607e+00,2.071417151513153598e+01
7.420000000000000000e+02,7.155825214669992995e+00,2.072698834433269255e+01
7.430000000000000000e+02,1.789320843206066325e+00,3.036985577512646728e+02
7.440000000000000000e+02,1.431747913953987350e+01,5.788577377674759550e-01
7.450000000000000000e+02,3.580096905387768480e+00,1.243792997438065697e+02
7.460000000000000000e+02,3.580823050544195141e+00,1.245010407031987967e+02
7.470000000000000000e+02,5.372322334451053116e+00,5.090209174543558390e+01
7.480000000000000000e+02,1.074681727577976176e+01,3.469443963611308135e+00
7.490000000000000000e+02,3.582995660014051342e+00,1.248659989025358641e+02
7.500000000000000000e+02,1.433487171924634396e+01,5.784734354592951933e-01
7.510000000000000000e+02,1.792219618612014287e+00,3.065239346250708650e+02
7.520000000000000000e+02,8.962898962031546901e+00,8.510382110546533596e+00
7.530000000000000000e+02,3.585878975128383939e+00,1.253519950402720156e+02
7.540000000000000000e+02,7.173194821424390355e+00,2.088006669670054549e+01
7.550000000000000000e+02,3.587314894094821405e+00,1.255947309603636768e+02
7.560000000000000000e+02,2.152818856678188908e+01,1.598582467557586526e-02
7.570000000000000000e+02,1.794373507164698456e+00,3.086402934234716327e+02
7.580000000000000000e+02,3.589461656192849404e+00,1.259585088078278687e+02
7.590000000000000000e+02,7.180350711756450899e+00,2.094345991041932464e+01
7.600000000000000000e+02,1.436355246346630032e+01,5.778402697281314060e-01
7.610000000000000000e+02,1.795799969314580080e+00,3.100499374965644961e+02
7.620000000000000000e+02,7.184621653255013563e+00,2.098138737125914943e+01
7.630000000000000000e+02,3.593020782313457229e+00,1.265639406472250528e+02
7.640000000000000000e+02,5.390594712193828464e+00,5.158703767442754895e+01
7.650000000000000000e+02,1.078331371952224771e+01,3.484132098626091079e+00
7.660000000000000000e+02,3.595145079871139515e+00,1.269266841753893260e+02
7.670000000000000000e+02,3.595851330633996312e+00,1.270475131837311977e+02
7.680000000000000000e+02,1.618450497540071353e+01,2.349311575026082621e-01
7.690000000000000000e+02,1.798630536982207095e+00,3.128662243743598310e+02
7.700000000000000000e+02,1.439185828524885480e+01,5.772160604126974626e-01
7.710000000000000000e+02,3.598667155619721392e+00,1.275304035966992728e+02
7.720000000000000000e+02,5.399053243880788777e+00,5.190722176005942856e+01
7.730000000000000000e+02,1.800034797286179877e+00,3.142728790102609082e+02
7.740000000000000000e+02,1.080230836177142706e+01,3.491801152767247896e+00
7.750000000000000000e+02,5.402202614471545594e+00,5.202694316160366128e+01
7.760000000000000000e+02,7.204332928148928339e+00,2.115732235278364115e+01
7.770000000000000000e+02,7.205727239051090471e+00,2.116982314010887478e+01
7.780000000000000000e+02,3.603559878313419507e+00,1.283738339460244617e+02
7.790000000000000000e+02,3.604255242741654541e+00,1.284941559740507557e+02
7.800000000000000000e+02,2.162969829062970817e+01,1.567708439366513606e-02
7.810000000000000000e+02,3.605643297689191673e+00,1.287346746990166366e+02
7.820000000000000000e+02,7.212671985542964848e+00,2.123219682545850162e+01
7.830000000000000000e+02,7.214055605240400126e+00,2.124464563218780100e+01
7.840000000000000000e+02,1.352894523560638440e+01,9.047798745108187601e-01
7.850000000000000000e+02,3.608408775647038880e+00,1.292152127240069888e+02
7.860000000000000000e+02,7.218195886637324143e+00,2.128194049754794293e+01
7.870000000000000000e+02,1.804893117371901834e+00,3.191884528793955838e+02
7.880000000000000000e+02,5.415710478221780200e+00,5.254357633507623859e+01
7.890000000000000000e+02,3.611160197747732337e+00,1.296950884382538050e+02
7.900000000000000000e+02,7.223691747503877991e+00,2.133154731780772551e+01
7.910000000000000000e+02,3.612530682360589385e+00,1.299347792631608911e+02
7.920000000000000000e+02,2.167928775459276380e+01,1.552843397691683683e-02
7.930000000000000000e+02,3.613897706150033251e+00,1.301743061054267230e+02
7.940000000000000000e+02,3.614579925689533457e+00,1.302940081973552822e+02
7.950000000000000000e+02,7.230522573101943351e+00,2.139336501880370989e+01
7.960000000000000000e+02,5.423912686339782852e+00,5.285978504515976084e+01
7.970000000000000000e+02,1.808310720433445651e+00,3.226923261289209677e+02
7.980000000000000000e+02,1.446920095445879539e+01,5.755139106019877548e-01
7.990000000000000000e+02,3.617978186271177510e+00,1.308919079747996932e+02
8.000000000000000000e+02,1.628394878683299396e+01,2.328495677854375556e-01
8.010000000000000000e+02,5.428997309712624286e+00,5.305676044113924661e+01
8.020000000000000000e+02,3.620006949918422201e+00,1.312501616260181265e+02
8.030000000000000000e+02,3.620681518395674647e+00,1.313694988595483437e+02
8.040000000000000000e+02,1.086406574200527153e+01,3.516852446250688491e+00
8.050000000000000000e+02,7.244056277647551667e+00,2.151637210487606922e+01
8.060000000000000000e+02,7.245400389882123982e+00,2.152862720892317228e+01
8.070000000000000000e+02,3.623371417758547874e+00,1.318464462409665146e+02
8.080000000000000000e+02,7.248083618680266405e+00,2.155311274798825494e+01
8.090000000000000000e+02,1.812355685871030797e+00,3.268891341529992474e+02
8.100000000000000000e+02,1.812690053506478094e+01,9.381636043777417944e-02
8.110000000000000000e+02,1.813024008596928027e+00,3.275877800396569910e+02
8.120000000000000000e+02,1.088014531295476495e+01,3.523404408387089681e+00
8.130000000000000000e+02,3.627381370412139372e+00,1.325606695918694697e+02
8.140000000000000000e+02,7.256093634988049601e+00,2.162637313790234117e+01
8.150000000000000000e+02,3.628711447574990423e+00,1.327984266495055294e+02
8.160000000000000000e+02,1.814687631329358553e+01,9.357202656209376301e-02
8.170000000000000000e+02,3.630038264741526799e+00,1.330360258358708450e+02
8.180000000000000000e+02,3.630700455812410965e+00,1.331547663808425455e+02
8.190000000000000000e+02,1.089408551355922405e+01,3.529094516285844918e+00
8.200000000000000000e+02,1.089606723851389880e+01,3.529904161999192436e+00
8.210000000000000000e+02,1.816341091367158489e+00,3.310775254351053150e+02
8.220000000000000000e+02,7.266682299004342482e+00,2.172360039898101292e+01
8.230000000000000000e+02,1.816999657547213376e+00,3.317747822163758542e+02
8.240000000000000000e+02,7.269313362913730536e+00,2.174782708601334491e+01
8.250000000000000000e+02,1.090593975158456885e+01,3.533940405405531671e+00
8.260000000000000000e+02,7.271938048480111938e+00,2.177202196162273751e+01
8.270000000000000000e+02,1.818312002258555493e+00,3.331686085749117865e+02
8.280000000000000000e+02,1.636775186974659846e+01,2.311097020621512566e-01
8.290000000000000000e+02,1.818965796215256780e+00,3.338651794108133117e+02
8.300000000000000000e+02,7.277168407762797386e+00,2.182031675242333080e+01
8.310000000000000000e+02,3.639236029526614402e+00,1.346948406410442374e+02
8.320000000000000000e+02,1.273960474939688226e+01,1.424798023988214313e+00
8.330000000000000000e+02,5.460805996430392995e+00,5.430577875121163345e+01
8.340000000000000000e+02,7.282373620990288288e+00,2.186848571184303580e+01
8.350000000000000000e+02,3.641835511750657339e+00,1.351673944178766362e+02
8.360000000000000000e+02,1.092745030974953480e+01,3.542750696104711494e+00
8.370000000000000000e+02,7.286261173698134641e+00,2.190453041384785848e+01
8.380000000000000000e+02,3.643776964398037777e+00,1.355214077049566015e+02
8.390000000000000000e+02,1.822211285536591507e+00,3.373446350392649720e+02
8.400000000000000000e+02,2.916053926968808696e+01,3.909746855136420410e-04
8.410000000000000000e+02,2.734283609356105593e+00,2.143156343586107937e+02
8.420000000000000000e+02,3.646354784188001297e+00,1.359928923378068646e+02
8.430000000000000000e+02,3.646997325667528322e+00,1.361106686861320441e+02
8.440000000000000000e+02,5.471458658085793125e+00,5.473061081194905597e+01
8.450000000000000000e+02,5.472420187741566799e+00,5.476912011008082715e+01
8.460000000000000000e+02,1.094676116033015134e+01,3.550678739513342119e+00
8.470000000000000000e+02,5.474339838043226436e+00,5.484608324152139147e+01
8.480000000000000000e+02,9.125496606755682194e+00,8.847476989244720258e+00
8.490000000000000000e+02,3.650836640575703562e+00,1.368165347614166194e+02
8.500000000000000000e+02,1.095442166226433933e+01,3.553828660884811530e+00
8.510000000000000000e+02,3.652110385005586934e+00,1.370515230892140437e+02
8.520000000000000000e+02,1.095823840526396431e+01,3.555399110051085998e+00
8.530000000000000000e+02,1.826690569711161061e+00,3.422064680442400686e+02
8.540000000000000000e+02,7.308030799512186704e+00,2.210747516366857468e+01
8.550000000000000000e+02,1.096394675349202075e+01,3.557749180326932770e+00
8.560000000000000000e+02,7.310563390762655267e+00,2.213120670871332507e+01
8.570000000000000000e+02,1.827956867068621261e+00,3.435935730060863307e+02
8.580000000000000000e+02,1.462618014328621641e+01,5.720745452928907016e-01
8.590000000000000000e+02,1.828587801075689523e+00,3.442867967275624892e+02
8.600000000000000000e+02,1.097341630451351691e+01,3.561651126749259877e+00
8.610000000000000000e+02,7.316869071172180661e+00,2.219040456948551210e+01
8.620000000000000000e+02,3.659062906095352119e+00,1.383412996334292870e+02
8.630000000000000000e+02,1.829845274029466395e+00,3.456725895454247848e+02
8.640000000000000000e+02,2.196190477898554505e+01,1.470776606897879375e-02
8.650000000000000000e+02,3.660943653092895822e+00,1.386922819848102506e+02
8.660000000000000000e+02,3.661569119520589055e+00,1.388092028463201189e+02
8.670000000000000000e+02,5.493290796175914537e+00,5.561169821592145723e+01
8.680000000000000000e+02,1.098845366564136583e+01,3.567856095193021826e+00
8.690000000000000000e+02,3.663441194468542328e+00,1.391597464155563841e+02
8.700000000000000000e+02,1.465625513413692182e+01,5.714179615359805675e-01
8.710000000000000000e+02,3.664685657391184570e+00,1.393932601493076504e+02
8.720000000000000000e+02,7.330613635361467040e+00,2.231998814172498413e+01
8.730000000000000000e+02,5.498890899057844450e+00,5.583998033631393554e+01
8.740000000000000000e+02,7.333094008189479318e+00,2.234345353764047459e+01
8.750000000000000000e+02,7.334332066947478523e+00,2.235517533537734636e+01
8.760000000000000000e+02,1.100335306738341501e+01,3.574014798204253829e+00
8.770000000000000000e+02,1.834200986335151606e+00,3.505160507193521653e+02
8.780000000000000000e+02,3.669018885709086852e+00,1.402094184167908111e+02
8.790000000000000000e+02,3.669635096513183647e+00,1.403258684180273406e+02
8.800000000000000000e+02,1.835125303339745173e+01,9.110846043895161339e-02
8.810000000000000000e+02,1.835432708899730647e+00,3.518979685430364839e+02
8.820000000000000000e+02,1.652165789156610742e+01,2.279481952236020181e-01
8.830000000000000000e+02,1.836046474619579039e+00,3.525886088523052422e+02
8.840000000000000000e+02,1.101811701814443367e+01,3.580127998575250103e+00
8.850000000000000000e+02,7.346635406912062294e+00,2.247199666852525368e+01
8.860000000000000000e+02,3.673929043027436059e+00,1.411400174334274027e+02
8.870000000000000000e+02,1.837269846494174352e+00,3.539692549939499031e+02
8.880000000000000000e+02,1.470059861957128788e+01,5.704512487998650849e-01
8.890000000000000000e+02,3.675758930289660498e+00,1.414884050150301107e+02
8.900000000000000000e+02,7.352735041444891095e+00,2.253013940614878408e+01
8.910000000000000000e+02,9.192438569323897468e+00,8.990110526664155444e+00
8.920000000000000000e+02,5.516373979266308680e+00,5.655870599884144667e+01
8.930000000000000000e+02,3.678189197594434745e+00,1.419524272465566810e+02
8.940000000000000000e+02,7.357590127006336189e+00,2.257652640079293249e+01
8.950000000000000000e+02,3.679400252088218082e+00,1.421842273201298781e+02
8.960000000000000000e+02,1.472001905944924793e+01,5.700283875070562001e-01
8.970000000000000000e+02,7.361217206666231583e+00,2.261124296093746366e+01
8.980000000000000000e+02,3.681211769003256418e+00,1.425316647506625998e+02
8.990000000000000000e+02,3.681814263370341234e+00,1.426474073779184550e+02
9.000000000000000000e+02,2.485630859350715838e+01,3.603824870782790755e-03
9.010000000000000000e+02,3.683017244160831982e+00,1.428787881540930584e+02
9.020000000000000000e+02,7.367235467109140679e+00,2.266896450313181433e+01
9.030000000000000000e+02,7.368435115171925176e+00,2.268048801016320581e+01
9.040000000000000000e+02,7.369633435455730464e+00,2.269200461101465294e+01
9.050000000000000000e+02,3.685415215448249349e+00,1.433411331659524990e+02
9.060000000000000000e+02,7.372026104420442927e+00,2.271501714123137106e+01
9.070000000000000000e+02,1.843305114736022876e+00,3.608599355024055626e+02
9.080000000000000000e+02,5.530810123030752479e+00,5.715914055008749983e+01
9.090000000000000000e+02,5.531703916956347555e+00,5.719652447992725541e+01
9.100000000000000000e+02,1.475359127506841794e+01,5.692981241606080989e-01
9.110000000000000000e+02,1.844496186257447379e+00,3.622355910431278971e+02
9.120000000000000000e+02,1.844793136990987392e+01,8.996579873953976236e-02
9.130000000000000000e+02,3.690179524598001581e+00,1.442641679076685080e+02
9.140000000000000000e+02,3.690772125787937341e+00,1.443793930059785851e+02
9.150000000000000000e+02,7.382728157944136171e+00,2.281823475574140758e+01
9.160000000000000000e+02,5.537933078349041693e+00,5.745774600036914848e+01
9.170000000000000000e+02,3.692546046980815344e+00,1.447248637850372006e+02
9.180000000000000000e+02,1.477254425849126562e+01,5.688862718124044759e-01
9.190000000000000000e+02,1.846862719946911202e+00,3.649844545429572804e+02
9.200000000000000000e+02,1.477725669676421028e+01,5.687839157886590558e-01
9.210000000000000000e+02,3.694902268907170662e+00,1.451850160476705867e+02
9.220000000000000000e+02,3.695489725430308514e+00,1.452999695255370796e+02
9.230000000000000000e+02,3.696076545144082015e+00,1.454148892615779971e+02
9.240000000000000000e+02,2.217997637656568699e+01,1.410429219905601217e-02
9.250000000000000000e+02,5.545872419483325544e+00,5.779241436875249605e+01
9.260000000000000000e+02,3.697833197198082456e+00,1.457594464826239857e+02
9.270000000000000000e+02,5.547626225131446098e+00,5.786660529574248102e+01
9.280000000000000000e+02,1.109700341905659471e+01,3.612969546485186090e+00
9.290000000000000000e+02,1.849792083674361542e+00,3.684159861790227524e+02
9.300000000000000000e+02,1.480066627105238908e+01,5.682757234814199698e-01
9.310000000000000000e+02,5.551122513415278625e+00,5.801479246736805351e+01
9.320000000000000000e+02,5.551994238350763666e+00,5.805179884448480720e+01
9.330000000000000000e+02,3.701910018973602501e+00,1.465622409832456867e+02
9.340000000000000000e+02,3.702489923831357554e+00,1.466767925996485076e+02
9.350000000000000000e+02,7.406138416276099257e+00,2.304565667612776991e+01
9.360000000000000000e+02,2.222188723932210408e+01,1.399118006599369378e-02
9.370000000000000000e+02,1.852112960200342773e+00,3.711576118355516769e+02
9.380000000000000000e+02,7.409606701994488454e+00,2.307954201354247559e+01
9.390000000000000000e+02,3.705380166324004243e+00,1.472490537030603548e+02
9.400000000000000000e+02,1.111786910307224296e+01,3.621706500466146395e+00
9.410000000000000000e+02,1.853265978201538822e+00,3.725272354633275427e+02
9.420000000000000000e+02,7.414213867524877877e+00,2.312463133067071652e+01
9.430000000000000000e+02,3.707681301066132029e+00,1.477062688995967221e+02
9.440000000000000000e+02,9.270637649018331317e+00,9.159644259532711885e+00
9.450000000000000000e+02,1.483531284270043926e+01,5.675244233250676951e-01
9.460000000000000000e+02,7.418801511108884306e+00,2.316961712014505892e+01
9.470000000000000000e+02,1.854986347763117660e+00,3.745801951572840380e+02
9.480000000000000000e+02,1.113163209560201672e+01,3.627480950878763100e+00
9.490000000000000000e+02,3.711114765850565433e+00,1.483911088731413770e+02
9.500000000000000000e+02,1.113505469623411059e+01,3.628918378344814233e+00
9.510000000000000000e+02,3.712254431814539846e+00,1.486191281840825127e+02
9.520000000000000000e+02,1.485129346528348293e+01,5.671782232923828770e-01
9.530000000000000000e+02,1.856695851760262084e+00,3.766313952686747371e+02
9.540000000000000000e+02,1.114187833399911653e+01,3.631785877065571988e+00
9.550000000000000000e+02,3.714526591007347722e+00,1.490747778736282214e+02
9.560000000000000000e+02,5.572639715682698558e+00,5.893517170923023230e+01
9.570000000000000000e+02,7.431318208501666689e+00,2.329279970325716320e+01
9.580000000000000000e+02,3.716224473631670744e+00,1.494161761830418129e+02
9.590000000000000000e+02,3.716789253164324958e+00,1.495299112847032461e+02
9.600000000000000000e+02,2.602147410854801279e+01,2.146742354577210136e-03
9.610000000000000000e+02,2.788437785699406923e+00,2.383536549988895956e+02
9.620000000000000000e+02,7.436960129897831173e+00,2.334853837315223046e+01
9.630000000000000000e+02,5.578563746018140534e+00,5.919112048242067914e+01
9.640000000000000000e+02,5.579406519004452392e+00,5.922762284095993834e+01
9.650000000000000000e+02,3.720165612131988375e+00,1.502116493543646811e+02
9.660000000000000000e+02,1.488290518775670357e+01,5.664940171391221746e-01
9.670000000000000000e+02,1.860643200813736797e+00,3.814107563487468155e+02
9.680000000000000000e+02,1.116553778218828086e+01,3.641745851450105320e+00
9.690000000000000000e+02,7.444809750881067778e+00,2.342630968914153655e+01
9.700000000000000000e+02,7.445926493905186128e+00,2.343739501931806402e+01
9.710000000000000000e+02,1.861760521560192672e+00,3.827745629937141416e+02
9.720000000000000000e+02,1.675835219307760227e+01,2.231702620089679179e-01
9.730000000000000000e+02,3.724634914157297860e+00,1.511188517816212311e+02
9.740000000000000000e+02,3.725190991384362604e+00,1.512321098528340144e+02
9.750000000000000000e+02,1.117723949394924077e+01,3.646682039942626297e+00
9.760000000000000000e+02,9.315753587808423219e+00,9.258905012804103052e+00
9.770000000000000000e+02,1.863427901985778679e+00,3.848188488346355030e+02
9.780000000000000000e+02,7.454819211380780963e+00,2.352585582855388324e+01
9.790000000000000000e+02,3.727962841439048880e+00,1.517979289838750958e+02
9.800000000000000000e+02,1.677831980567923864e+01,2.227718041614663858e-01
9.810000000000000000e+02,5.593601429467248920e+00,5.984582936806268805e+01
9.820000000000000000e+02,3.729619164402626641e+00,1.521370449501880557e+02
9.830000000000000000e+02,1.865085073895806689e+00,3.868614363075803340e+02
9.840000000000000000e+02,1.492288228381346649e+01,5.656299320868076741e-01
9.850000000000000000e+02,3.731270435025982213e+00,1.524758806183341733e+02
9.860000000000000000e+02,7.463639482288180638e+00,2.361392578069186499e+01
9.870000000000000000e+02,7.464736980877742845e+00,2.362490728658166006e+01
9.880000000000000000e+02,1.119875005211420671e+01,3.655773401192020433e+00
9.890000000000000000e+02,3.733464323066004287e+00,1.529272273628940582e+02
9.900000000000000000e+02,2.240406845186153362e+01,1.350994385536536876e-02
9.910000000000000000e+02,1.867278970944171057e+00,3.895822646777627938e+02
9.920000000000000000e+02,1.120531177174319559e+01,3.658551197668181931e+00
9.930000000000000000e+02,3.735649355832527441e+00,1.533780802760608140e+02
9.940000000000000000e+02,7.472388477500284232e+00,2.370160975310511731e+01
9.950000000000000000e+02,3.736738573771317018e+00,1.536033223362482829e+02
9.960000000000000000e+02,1.121184708599039581e+01,3.661319913809116589e+00
9.970000000000000000e+02,1.868912802262009842e+00,3.916209347806881738e+02
9.980000000000000000e+02,3.738368302447112157e+00,1.539409558136158296e+02
9.990000000000000000e+02,7.477820913713841833e+00,2.375621835755630684e+01
1.000000000000000000e+03,1.495780827536406399e+01,5.648761029482090024e-01
